StudyInstanceUID,ACL,MCL,Medial Meniscus,Lateral Meniscus,Medial OA,Lateral OA,PF OA,Effusion,Synovitis,Baker's,Contusion,Fracture
test_study_000,0.59577024,0.6273877,0.59198505,0.5440905,0.5856404,0.6105393,0.6145409,0.58743095,0.63014185,0.5919633,0.62462723,0.64548343
test_study_001,0.5956106,0.62763613,0.59181327,0.54389846,0.5857233,0.6106584,0.6146075,0.587186,0.63025165,0.5922144,0.62474203,0.6453279
test_study_002,0.59578913,0.6275991,0.5923044,0.544009,0.58593947,0.6104026,0.61452526,0.58736664,0.6301806,0.59193647,0.6246658,0.6455124
test_study_003,0.5954952,0.6277445,0.5919536,0.5441044,0.58576983,0.6107272,0.61461973,0.5873831,0.63006794,0.5919269,0.6246227,0.6455355
test_study_004,0.5958642,0.6275239,0.5922307,0.5440369,0.58609,0.61076325,0.6143982,0.5872297,0.63006294,0.59202504,0.6246017,0.6453689
test_study_005,0.59563506,0.62760675,0.5922383,0.5438278,0.58605665,0.6108487,0.61452353,0.58709836,0.63013494,0.5920539,0.6248542,0.64553636
test_study_006,0.59563786,0.6275799,0.5921642,0.54413724,0.58584946,0.61076874,0.61439407,0.5871157,0.6300935,0.5918873,0.6246935,0.6454172
test_study_007,0.59566385,0.62775445,0.592018,0.54410225,0.58596516,0.6107354,0.61445993,0.58721143,0.63009214,0.5920135,0.6247464,0.6457577
test_study_008,0.59546703,0.6276587,0.5920636,0.54398835,0.5857678,0.6106426,0.6145512,0.5873023,0.630334,0.59186316,0.6246864,0.6454615
test_study_009,0.5958652,0.62738186,0.5919872,0.5438406,0.58586,0.61072814,0.6143335,0.5872785,0.630214,0.5919312,0.6247542,0.64541537
