StudyInstanceUID,RadiologyReport,ACL,MCL,Medial Meniscus,Lateral Meniscus,Medial OA,Lateral OA,PF OA,Effusion,Synovitis,Baker's,Contusion,Fracture
study_0000,Normal study,0,0,0,0,0,1,0,1,1,1,0,0
study_0001,Normal study,1,1,1,0,1,0,0,0,1,1,0,1
study_0002,Normal study,0,0,1,0,0,1,0,0,0,1,0,0
study_0003,Normal study,0,1,1,0,0,0,1,1,0,1,1,1
study_0004,Normal study,0,0,1,0,1,0,1,1,1,0,0,0
study_0005,Normal study,1,1,1,1,0,0,0,0,1,0,0,1
study_0006,Normal study,0,1,1,0,1,0,1,1,1,1,1,1
study_0007,Normal study,0,0,1,1,1,1,1,1,1,1,0,1
study_0008,Normal study,0,0,1,0,1,1,1,0,1,0,1,1
study_0009,Normal study,1,0,0,1,0,0,1,0,1,0,1,1
study_0010,Normal study,0,0,1,0,0,0,1,1,0,1,0,1
study_0011,Normal study,0,0,0,0,0,1,0,0,1,0,1,0
study_0012,Normal study,0,0,1,1,0,0,1,0,1,1,0,0
study_0013,Normal study,0,0,1,1,0,0,0,1,0,0,1,0
study_0014,Normal study,1,0,0,1,0,0,0,0,0,1,1,1
study_0015,Normal study,0,1,1,0,0,1,1,0,0,0,0,1
study_0016,Normal study,1,1,0,1,1,1,0,1,0,1,1,1
study_0017,Normal study,1,0,1,0,0,1,0,1,1,0,1,1
study_0018,Normal study,1,1,1,0,1,0,0,0,1,0,1,0
study_0019,Normal study,0,1,0,1,0,0,1,0,1,1,1,0
study_0020,Normal study,1,1,1,1,0,1,1,1,1,0,1,1
study_0021,Normal study,0,1,0,0,0,1,0,1,1,1,0,0
study_0022,Normal study,1,0,1,0,1,1,1,1,1,0,1,0
study_0023,Normal study,1,1,0,1,1,1,1,1,0,1,0,1
study_0024,Normal study,1,0,0,1,1,0,1,0,1,0,1,0
study_0025,Normal study,1,1,1,1,1,1,1,1,0,1,0,1
study_0026,Normal study,1,1,1,0,0,0,0,1,0,0,0,0
study_0027,Normal study,1,1,0,0,1,1,0,0,1,1,1,1
study_0028,Normal study,1,0,1,0,0,0,1,1,0,0,1,1
study_0029,Normal study,1,1,1,0,0,1,1,0,1,1,1,1
study_0030,Normal study,0,0,1,0,1,1,0,1,0,1,0,1
study_0031,Normal study,0,1,0,0,1,1,0,1,1,1,1,0
study_0032,Normal study,1,0,0,1,1,1,1,1,0,0,0,1
study_0033,Normal study,1,1,0,0,1,0,0,0,1,1,0,1
study_0034,Normal study,1,0,0,0,1,1,1,0,1,0,0,1
study_0035,Normal study,0,0,0,0,1,0,1,1,1,1,1,0
study_0036,Normal study,1,1,0,1,1,0,0,0,1,0,1,1
study_0037,Normal study,0,0,0,0,1,0,0,0,1,1,0,0
study_0038,Normal study,0,1,0,0,0,0,1,0,0,0,0,1
study_0039,Normal study,0,1,0,1,1,1,1,0,0,0,1,0
study_0040,Normal study,0,1,1,0,1,0,0,0,0,1,0,0
study_0041,Normal study,0,1,0,0,0,0,1,0,1,0,1,1
study_0042,Normal study,1,1,1,0,1,0,0,1,0,0,0,0
study_0043,Normal study,1,1,1,0,0,1,1,1,1,1,1,1
study_0044,Normal study,1,1,1,0,0,1,0,0,1,0,0,1
study_0045,Normal study,1,1,0,1,1,1,0,1,0,0,1,1
study_0046,Normal study,1,1,0,1,0,1,0,1,0,0,0,0
study_0047,Normal study,0,1,0,1,0,0,1,1,1,1,1,0
study_0048,Normal study,1,1,0,0,0,0,1,1,0,0,1,1
study_0049,Normal study,1,0,1,0,0,1,0,0,1,1,0,1
